x0,x1,func_val
8.030278205871582031e+00,1.072643470764160156e+01,-6.854379177093505859e+00
8.047576904296875000e+00,6.105786800384521484e+00,-8.853308677673339844e+00
8.149448394775390625e+00,6.763906002044677734e+00,-9.084296226501464844e+00
8.041453361511230469e+00,6.185718059539794922e+00,-9.087775230407714844e+00
8.155234336853027344e+00,6.716178417205810547e+00,-9.207080841064453125e+00
8.035546302795410156e+00,6.237603664398193359e+00,-9.210663795471191406e+00
8.160550117492675781e+00,6.681184291839599609e+00,-9.281147003173828125e+00
8.030141830444335938e+00,6.275056838989257812e+00,-9.284192085266113281e+00
8.165333747863769531e+00,6.654081344604492188e+00,-9.329168319702148438e+00
8.025272369384765625e+00,6.303656578063964844e+00,-9.331405639648437500e+00
8.169603347778320312e+00,6.632397651672363281e+00,-9.361676216125488281e+00
8.020915985107421875e+00,6.326250553131103516e+00,-9.363037109375000000e+00
8.173393249511718750e+00,6.614689826965332031e+00,-9.384299278259277344e+00
8.017043113708496094e+00,6.344495296478271484e+00,-9.384826660156250000e+00
8.176740646362304688e+00,6.600033760070800781e+00,-9.400337219238281250e+00
8.013616561889648438e+00,6.359446048736572266e+00,-9.400126457214355469e+00
8.179683685302734375e+00,6.587794303894042969e+00,-9.411867141723632812e+00
8.010601043701171875e+00,6.371821880340576172e+00,-9.411009788513183594e+00
8.182259559631347656e+00,6.577511310577392578e+00,-9.420230865478515625e+00
8.007960319519042969e+00,6.382139682769775391e+00,-9.418831825256347656e+00
8.184502601623535156e+00,6.568836688995361328e+00,-9.426344871520996094e+00
8.005660057067871094e+00,6.390784263610839844e+00,-9.424498558044433594e+00
8.186448097229003906e+00,6.561499595642089844e+00,-9.430852890014648438e+00
8.003664016723632812e+00,6.398053169250488281e+00,-9.428640365600585938e+00
8.188129425048828125e+00,6.555282115936279297e+00,-9.434190750122070312e+00
8.001939773559570312e+00,6.404180526733398438e+00,-9.431674957275390625e+00
8.189575195312500000e+00,6.550007820129394531e+00,-9.436678886413574219e+00
8.000456809997558594e+00,6.409355640411376953e+00,-9.433925628662109375e+00
8.190814971923828125e+00,6.545529842376708984e+00,-9.438551902770996094e+00
7.999185562133789062e+00,6.413732051849365234e+00,-9.435594558715820312e+00
8.191873550415039062e+00,6.541726589202880859e+00,-9.439962387084960938e+00
7.998100757598876953e+00,6.417437076568603516e+00,-9.436854362487792969e+00
8.192774772644042969e+00,6.538495063781738281e+00,-9.441045761108398438e+00
7.997178077697753906e+00,6.420576095581054688e+00,-9.437804222106933594e+00
8.193538665771484375e+00,6.535748481750488281e+00,-9.441878318786621094e+00
7.996396541595458984e+00,6.423237323760986328e+00,-9.438535690307617188e+00
8.194184303283691406e+00,6.533414363861083984e+00,-9.442523002624511719e+00
7.995736598968505859e+00,6.425494194030761719e+00,-9.439098358154296875e+00
8.194727897644042969e+00,6.531430244445800781e+00,-9.443035125732421875e+00
7.995181083679199219e+00,6.427409648895263672e+00,-9.439542770385742188e+00
8.195183753967285156e+00,6.529743671417236328e+00,-9.443442344665527344e+00
7.994716644287109375e+00,6.429035186767578125e+00,-9.439894676208496094e+00
8.195564270019531250e+00,6.528309345245361328e+00,-9.443773269653320312e+00
7.994329452514648438e+00,6.430416107177734375e+00,-9.440182685852050781e+00
8.195880889892578125e+00,6.527089595794677734e+00,-9.444045066833496094e+00
7.994007110595703125e+00,6.431589126586914062e+00,-9.440418243408203125e+00
8.196143150329589844e+00,6.526051998138427734e+00,-9.444268226623535156e+00
7.993741512298583984e+00,6.432586193084716797e+00,-9.440616607666015625e+00
8.196358680725097656e+00,6.525169372558593750e+00,-9.444458961486816406e+00
7.993523597717285156e+00,6.433433532714843750e+00,-9.440784454345703125e+00
8.196534156799316406e+00,6.524418354034423828e+00,-9.444622039794921875e+00
7.993347167968750000e+00,6.434154510498046875e+00,-9.440931320190429688e+00
8.196676254272460938e+00,6.523778438568115234e+00,-9.444766044616699219e+00
7.993204593658447266e+00,6.434768676757812500e+00,-9.441060066223144531e+00
8.196789741516113281e+00,6.523233413696289062e+00,-9.444890022277832031e+00
7.993091583251953125e+00,6.435291290283203125e+00,-9.441172599792480469e+00
8.196879386901855469e+00,6.522768974304199219e+00,-9.445001602172851562e+00
7.993002891540527344e+00,6.435736656188964844e+00,-9.441278457641601562e+00
8.196949005126953125e+00,6.522372722625732422e+00,-9.445103645324707031e+00
7.992934703826904297e+00,6.436116695404052734e+00,-9.441372871398925781e+00
8.197001457214355469e+00,6.522034645080566406e+00,-9.445196151733398438e+00
7.992883682250976562e+00,6.436441421508789062e+00,-9.441459655761718750e+00
8.197040557861328125e+00,6.521745204925537109e+00,-9.445279121398925781e+00
7.992846965789794922e+00,6.436718940734863281e+00,-9.441540718078613281e+00
8.197067260742187500e+00,6.521497726440429688e+00,-9.445353507995605469e+00
7.992822647094726562e+00,6.436956405639648438e+00,-9.441614151000976562e+00
8.197084426879882812e+00,6.521286010742187500e+00,-9.445427894592285156e+00
7.992807865142822266e+00,6.437159538269042969e+00,-9.441685676574707031e+00
8.197093009948730469e+00,6.521104335784912109e+00,-9.445494651794433594e+00
7.992802143096923828e+00,6.437334060668945312e+00,-9.441754341125488281e+00
8.197094917297363281e+00,6.520948410034179688e+00,-9.445556640625000000e+00
7.992803096771240234e+00,6.437483787536621094e+00,-9.441814422607421875e+00
8.197091102600097656e+00,6.520814418792724609e+00,-9.445617675781250000e+00
7.992809772491455078e+00,6.437613010406494141e+00,-9.441877365112304688e+00
8.197082519531250000e+00,6.520698547363281250e+00,-9.445672988891601562e+00
7.992821216583251953e+00,6.437724590301513672e+00,-9.441933631896972656e+00
8.197070121765136719e+00,6.520598411560058594e+00,-9.445727348327636719e+00
7.992836475372314453e+00,6.437820911407470703e+00,-9.441988945007324219e+00
8.197054862976074219e+00,6.520512104034423828e+00,-9.445780754089355469e+00
7.992854595184326172e+00,6.437903881072998047e+00,-9.442043304443359375e+00
8.197037696838378906e+00,6.520437240600585938e+00,-9.445829391479492188e+00
7.992874622344970703e+00,6.437976360321044922e+00,-9.442091941833496094e+00
8.197018623352050781e+00,6.520372390747070312e+00,-9.445875167846679688e+00
7.992896556854248047e+00,6.438038825988769531e+00,-9.442139625549316406e+00
8.196997642517089844e+00,6.520315647125244141e+00,-9.445919036865234375e+00
7.992920398712158203e+00,6.438093662261962891e+00,-9.442190170288085938e+00
8.196975708007812500e+00,6.520266056060791016e+00,-9.445961952209472656e+00
7.992945671081542969e+00,6.438141822814941406e+00,-9.442234039306640625e+00
8.196952819824218750e+00,6.520222663879394531e+00,-9.446002006530761719e+00
7.992970943450927734e+00,6.438184261322021484e+00,-9.442275047302246094e+00
8.196928977966308594e+00,6.520184040069580078e+00,-9.446042060852050781e+00
7.992997646331787109e+00,6.438221454620361328e+00,-9.442319869995117188e+00
8.196905136108398438e+00,6.520150184631347656e+00,-9.446083068847656250e+00
7.993024349212646484e+00,6.438254833221435547e+00,-9.442361831665039062e+00
8.196881294250488281e+00,6.520120143890380859e+00,-9.446119308471679688e+00
7.993050575256347656e+00,6.438283920288085938e+00,-9.442398071289062500e+00
8.196857452392578125e+00,6.520093441009521484e+00,-9.446152687072753906e+00
7.993077278137207031e+00,6.438310146331787109e+00,-9.442435264587402344e+00
8.196833610534667969e+00,6.520069122314453125e+00,-9.446187019348144531e+00
7.993103504180908203e+00,6.438333988189697266e+00,-9.442473411560058594e+00
8.196809768676757812e+00,6.520047664642333984e+00,-9.446221351623535156e+00
7.993129730224609375e+00,6.438354969024658203e+00,-9.442506790161132812e+00
8.196785926818847656e+00,6.520028114318847656e+00,-9.446251869201660156e+00
7.993155956268310547e+00,6.438374042510986328e+00,-9.442541122436523438e+00
8.196763038635253906e+00,6.520010471343994141e+00,-9.446283340454101562e+00
7.993181228637695312e+00,6.438391685485839844e+00,-9.442575454711914062e+00
8.196740150451660156e+00,6.519994258880615234e+00,-9.446311950683593750e+00
7.993206501007080078e+00,6.438407421112060547e+00,-9.442606925964355469e+00
8.196717262268066406e+00,6.519979476928710938e+00,-9.446341514587402344e+00
7.993231296539306641e+00,6.438422203063964844e+00,-9.442640304565429688e+00
8.196695327758789062e+00,6.519966125488281250e+00,-9.446369171142578125e+00
7.993255615234375000e+00,6.438435554504394531e+00,-9.442668914794921875e+00
8.196673393249511719e+00,6.519953250885009766e+00,-9.446397781372070312e+00
7.993279457092285156e+00,6.438448429107666016e+00,-9.442697525024414062e+00
8.196652412414550781e+00,6.519941329956054688e+00,-9.446424484252929688e+00
7.993302345275878906e+00,6.438460350036621094e+00,-9.442728042602539062e+00
8.196632385253906250e+00,6.519930362701416016e+00,-9.446447372436523438e+00
7.993324756622314453e+00,6.438471317291259766e+00,-9.442753791809082031e+00
8.196612358093261719e+00,6.519919872283935547e+00,-9.446473121643066406e+00
7.993346691131591797e+00,6.438481330871582031e+00,-9.442780494689941406e+00
8.196592330932617188e+00,6.519910812377929688e+00,-9.446497917175292969e+00
7.993368148803710938e+00,6.438490390777587891e+00,-9.442805290222167969e+00
8.196573257446289062e+00,6.519902229309082031e+00,-9.446521759033203125e+00
7.993389129638671875e+00,6.438499450683593750e+00,-9.442829132080078125e+00
8.196555137634277344e+00,6.519893646240234375e+00,-9.446543693542480469e+00
7.993409156799316406e+00,6.438508033752441406e+00,-9.442853927612304688e+00
8.196537017822265625e+00,6.519885540008544922e+00,-9.446564674377441406e+00
7.993429183959960938e+00,6.438516139984130859e+00,-9.442878723144531250e+00
8.196519851684570312e+00,6.519877910614013672e+00,-9.446585655212402344e+00
7.993447780609130859e+00,6.438523769378662109e+00,-9.442900657653808594e+00
8.196502685546875000e+00,6.519870758056640625e+00,-9.446605682373046875e+00
7.993466377258300781e+00,6.438530921936035156e+00,-9.442922592163085938e+00
8.196486473083496094e+00,6.519864082336425781e+00,-9.446623802185058594e+00
7.993484497070312500e+00,6.438537597656250000e+00,-9.442941665649414062e+00
8.196470260620117188e+00,6.519857406616210938e+00,-9.446640968322753906e+00
7.993502140045166016e+00,6.438544273376464844e+00,-9.442962646484375000e+00
8.196455001831054688e+00,6.519851207733154297e+00,-9.446661949157714844e+00
7.993518829345703125e+00,6.438550472259521484e+00,-9.442983627319335938e+00
8.196439743041992188e+00,6.519845485687255859e+00,-9.446679115295410156e+00
7.993535041809082031e+00,6.438556194305419922e+00,-9.443003654479980469e+00
8.196425437927246094e+00,6.519839763641357422e+00,-9.446694374084472656e+00
7.993550777435302734e+00,6.438561916351318359e+00,-9.443017959594726562e+00
8.196411132812500000e+00,6.519834518432617188e+00,-9.446712493896484375e+00
7.993566513061523438e+00,6.438567161560058594e+00,-9.443039894104003906e+00
8.196397781372070312e+00,6.519829273223876953e+00,-9.446728706359863281e+00
7.993581295013427734e+00,6.438572883605957031e+00,-9.443057060241699219e+00
8.196384429931640625e+00,6.519824028015136719e+00,-9.446744918823242188e+00
7.993595600128173828e+00,6.438578128814697266e+00,-9.443072319030761719e+00
8.196371078491210938e+00,6.519818782806396484e+00,-9.446759223937988281e+00
7.993610382080078125e+00,6.438583374023437500e+00,-9.443091392517089844e+00
8.196358680725097656e+00,6.519814014434814453e+00,-9.446774482727050781e+00
7.993623733520507812e+00,6.438588142395019531e+00,-9.443103790283203125e+00
8.196346282958984375e+00,6.519809246063232422e+00,-9.446787834167480469e+00
7.993637561798095703e+00,6.438592910766601562e+00,-9.443121910095214844e+00
8.196333885192871094e+00,6.519804954528808594e+00,-9.446801185607910156e+00
7.993650913238525391e+00,6.438597202301025391e+00,-9.443136215209960938e+00
8.196322441101074219e+00,6.519800662994384766e+00,-9.446815490722656250e+00
7.993663787841796875e+00,6.438601493835449219e+00,-9.443151473999023438e+00
8.196310997009277344e+00,6.519796848297119141e+00,-9.446829795837402344e+00
7.993676185607910156e+00,6.438605308532714844e+00,-9.443163871765136719e+00
8.196299552917480469e+00,6.519793033599853516e+00,-9.446845054626464844e+00
7.993688583374023438e+00,6.438609123229980469e+00,-9.443180084228515625e+00
8.196289062500000000e+00,6.519789218902587891e+00,-9.446852684020996094e+00
7.993700027465820312e+00,6.438613414764404297e+00,-9.443192481994628906e+00
8.196278572082519531e+00,6.519785404205322266e+00,-9.446866035461425781e+00
7.993711471557617188e+00,6.438617229461669922e+00,-9.443205833435058594e+00
8.196269035339355469e+00,6.519781589508056641e+00,-9.446877479553222656e+00
7.993721961975097656e+00,6.438621044158935547e+00,-9.443217277526855469e+00
8.196259498596191406e+00,6.519778251647949219e+00,-9.446889877319335938e+00
7.993731975555419922e+00,6.438624382019042969e+00,-9.443230628967285156e+00
8.196250915527343750e+00,6.519774913787841797e+00,-9.446899414062500000e+00
7.993741512298583984e+00,6.438627719879150391e+00,-9.443242073059082031e+00
8.196242332458496094e+00,6.519771575927734375e+00,-9.446908950805664062e+00
7.993751049041748047e+00,6.438631057739257812e+00,-9.443249702453613281e+00
8.196233749389648438e+00,6.519768714904785156e+00,-9.446918487548828125e+00
7.993760108947753906e+00,6.438633918762207031e+00,-9.443260192871093750e+00
8.196225166320800781e+00,6.519765853881835938e+00,-9.446929931640625000e+00
7.993769645690917969e+00,6.438636779785156250e+00,-9.443272590637207031e+00
8.196216583251953125e+00,6.519762992858886719e+00,-9.446938514709472656e+00
7.993779182434082031e+00,6.438639640808105469e+00,-9.443282127380371094e+00
8.196208953857421875e+00,6.519760131835937500e+00,-9.446948051452636719e+00
7.993787288665771484e+00,6.438642501831054688e+00,-9.443292617797851562e+00
8.196201324462890625e+00,6.519757270812988281e+00,-9.446956634521484375e+00
7.993795871734619141e+00,6.438645839691162109e+00,-9.443302154541015625e+00
8.196193695068359375e+00,6.519754409790039062e+00,-9.446965217590332031e+00
7.993803977966308594e+00,6.438648700714111328e+00,-9.443310737609863281e+00
8.196186065673828125e+00,6.519751548767089844e+00,-9.446977615356445312e+00
7.993812561035156250e+00,6.438651561737060547e+00,-9.443321228027343750e+00
8.196178436279296875e+00,6.519748687744140625e+00,-9.446982383728027344e+00
7.993820667266845703e+00,6.438654422760009766e+00,-9.443331718444824219e+00
8.196171760559082031e+00,6.519746303558349609e+00,-9.446989059448242188e+00
7.993827819824218750e+00,6.438656806945800781e+00,-9.443339347839355469e+00
8.196165084838867188e+00,6.519743919372558594e+00,-9.446997642517089844e+00
7.993835449218750000e+00,6.438659191131591797e+00,-9.443347930908203125e+00
8.196158409118652344e+00,6.519741535186767578e+00,-9.447007179260253906e+00
7.993842601776123047e+00,6.438661575317382812e+00,-9.443354606628417969e+00
8.196151733398437500e+00,6.519739151000976562e+00,-9.447014808654785156e+00
7.993849754333496094e+00,6.438663959503173828e+00,-9.443367004394531250e+00
8.196146011352539062e+00,6.519737243652343750e+00,-9.447020530700683594e+00
7.993855953216552734e+00,6.438665866851806641e+00,-9.443371772766113281e+00
8.196140289306640625e+00,6.519735336303710938e+00,-9.447026252746582031e+00
7.993862628936767578e+00,6.438667774200439453e+00,-9.443379402160644531e+00
8.196134567260742188e+00,6.519733428955078125e+00,-9.447032928466796875e+00
7.993868827819824219e+00,6.438669681549072266e+00,-9.443387031555175781e+00
8.196128845214843750e+00,6.519731521606445312e+00,-9.447039604187011719e+00
7.993875026702880859e+00,6.438671588897705078e+00,-9.443395614624023438e+00
8.196123123168945312e+00,6.519729614257812500e+00,-9.447049140930175781e+00
7.993881225585937500e+00,6.438673496246337891e+00,-9.443400382995605469e+00
8.196117401123046875e+00,6.519727706909179688e+00,-9.447052955627441406e+00
7.993887424468994141e+00,6.438675880432128906e+00,-9.443406105041503906e+00
8.196112632751464844e+00,6.519725799560546875e+00,-9.447056770324707031e+00
7.993892669677734375e+00,6.438677310943603516e+00,-9.443411827087402344e+00
8.196107864379882812e+00,6.519724369049072266e+00,-9.447062492370605469e+00
7.993897914886474609e+00,6.438679218292236328e+00,-9.443419456481933594e+00
8.196103096008300781e+00,6.519722461700439453e+00,-9.447072982788085938e+00
7.993903160095214844e+00,6.438680648803710938e+00,-9.443424224853515625e+00
8.196098327636718750e+00,6.519721031188964844e+00,-9.447073936462402344e+00
7.993908405303955078e+00,6.438682556152343750e+00,-9.443431854248046875e+00
8.196093559265136719e+00,6.519719123840332031e+00,-9.447079658508300781e+00
7.993913650512695312e+00,6.438684463500976562e+00,-9.443436622619628906e+00
8.196088790893554688e+00,6.519717216491699219e+00,-9.447087287902832031e+00
7.993918418884277344e+00,6.438686370849609375e+00,-9.443442344665527344e+00
8.196084976196289062e+00,6.519715785980224609e+00,-9.447090148925781250e+00
7.993922710418701172e+00,6.438687801361083984e+00,-9.443448066711425781e+00
8.196081161499023438e+00,6.519714355468750000e+00,-9.447094917297363281e+00
7.993927001953125000e+00,6.438689231872558594e+00,-9.443451881408691406e+00
8.196077346801757812e+00,6.519712924957275391e+00,-9.447100639343261719e+00
7.993931293487548828e+00,6.438690662384033203e+00,-9.443459510803222656e+00
8.196073532104492188e+00,6.519711494445800781e+00,-9.447104454040527344e+00
7.993935108184814453e+00,6.438692092895507812e+00,-9.443463325500488281e+00
8.196069717407226562e+00,6.519710063934326172e+00,-9.447109222412109375e+00
7.993939399719238281e+00,6.438693523406982422e+00,-9.443469047546386719e+00
8.196065902709960938e+00,6.519708633422851562e+00,-9.447113990783691406e+00
7.993943691253662109e+00,6.438694953918457031e+00,-9.443472862243652344e+00
8.196062088012695312e+00,6.519707202911376953e+00,-9.447116851806640625e+00
7.993947982788085938e+00,6.438696384429931641e+00,-9.443476676940917969e+00
8.196058273315429688e+00,6.519705772399902344e+00,-9.447121620178222656e+00
7.993951797485351562e+00,6.438697814941406250e+00,-9.443480491638183594e+00
8.196055412292480469e+00,6.519704818725585938e+00,-9.447124481201171875e+00
7.993955135345458984e+00,6.438698768615722656e+00,-9.443486213684082031e+00
8.196052551269531250e+00,6.519703865051269531e+00,-9.447129249572753906e+00
7.993957996368408203e+00,6.438699722290039062e+00,-9.443489074707031250e+00
8.196049690246582031e+00,6.519702911376953125e+00,-9.447131156921386719e+00
7.993961334228515625e+00,6.438700675964355469e+00,-9.443492889404296875e+00
8.196046829223632812e+00,6.519701957702636719e+00,-9.447137832641601562e+00
7.993964195251464844e+00,6.438701629638671875e+00,-9.443496704101562500e+00
8.196043968200683594e+00,6.519701004028320312e+00,-9.447139739990234375e+00
7.993967533111572266e+00,6.438702583312988281e+00,-9.443502426147460938e+00
8.196041107177734375e+00,6.519700050354003906e+00,-9.447141647338867188e+00
7.993970394134521484e+00,6.438703536987304688e+00,-9.443501472473144531e+00
8.196038246154785156e+00,6.519699096679687500e+00,-9.447146415710449219e+00
7.993973731994628906e+00,6.438704490661621094e+00,-9.443509101867675781e+00
8.196035385131835938e+00,6.519698143005371094e+00,-9.447148323059082031e+00
7.993977069854736328e+00,6.438705444335937500e+00,-9.443509101867675781e+00
8.196032524108886719e+00,6.519697189331054688e+00,-9.447151184082031250e+00
7.993979930877685547e+00,6.438706398010253906e+00,-9.443513870239257812e+00
8.196030616760253906e+00,6.519696235656738281e+00,-9.447155952453613281e+00
7.993982315063476562e+00,6.438707351684570312e+00,-9.443514823913574219e+00
8.196027755737304688e+00,6.519695281982421875e+00,-9.447158813476562500e+00
7.993985176086425781e+00,6.438708305358886719e+00,-9.443519592285156250e+00
8.196025848388671875e+00,6.519694328308105469e+00,-9.447161674499511719e+00
7.993987560272216797e+00,6.438709259033203125e+00,-9.443521499633789062e+00
8.196022987365722656e+00,6.519693851470947266e+00,-9.447163581848144531e+00
7.993990421295166016e+00,6.438709735870361328e+00,-9.443526268005371094e+00
8.196021080017089844e+00,6.519693374633789062e+00,-9.447163581848144531e+00
7.993992328643798828e+00,6.438710212707519531e+00,-9.443525314331054688e+00
8.196019172668457031e+00,6.519692897796630859e+00,-9.447167396545410156e+00
7.993994712829589844e+00,6.438711166381835938e+00,-9.443530082702636719e+00
8.196017265319824219e+00,6.519691944122314453e+00,-9.447169303894042969e+00
7.993996620178222656e+00,6.438712120056152344e+00,-9.443532943725585938e+00
8.196015357971191406e+00,6.519690990447998047e+00,-9.447173118591308594e+00
7.993998527526855469e+00,6.438713073730468750e+00,-9.443532943725585938e+00
8.196013450622558594e+00,6.519690036773681641e+00,-9.447175979614257812e+00
7.994000911712646484e+00,6.438714027404785156e+00,-9.443536758422851562e+00
8.196011543273925781e+00,6.519689083099365234e+00,-9.447176933288574219e+00
7.994002819061279297e+00,6.438714504241943359e+00,-9.443541526794433594e+00
8.196009635925292969e+00,6.519688606262207031e+00,-9.447180747985839844e+00
7.994005203247070312e+00,6.438715457916259766e+00,-9.443544387817382812e+00
8.196007728576660156e+00,6.519687652587890625e+00,-9.447181701660156250e+00
7.994007110595703125e+00,6.438716411590576172e+00,-9.443545341491699219e+00
8.196005821228027344e+00,6.519686698913574219e+00,-9.447183609008789062e+00
7.994009494781494141e+00,6.438717365264892578e+00,-9.443547248840332031e+00
8.196003913879394531e+00,6.519685745239257812e+00,-9.447184562683105469e+00
7.994011402130126953e+00,6.438718318939208984e+00,-9.443551063537597656e+00
8.196002006530761719e+00,6.519684791564941406e+00,-9.447187423706054688e+00
7.994013309478759766e+00,6.438719272613525391e+00,-9.443552970886230469e+00
8.196001052856445312e+00,6.519684314727783203e+00,-9.447187423706054688e+00
7.994014739990234375e+00,6.438719749450683594e+00,-9.443552017211914062e+00
8.195999145507812500e+00,6.519683837890625000e+00,-9.447192192077636719e+00
7.994016647338867188e+00,6.438720226287841797e+00,-9.443556785583496094e+00
8.195997238159179688e+00,6.519683361053466797e+00,-9.447193145751953125e+00
7.994018554687500000e+00,6.438720703125000000e+00,-9.443557739257812500e+00
8.195996284484863281e+00,6.519682884216308594e+00,-9.447196006774902344e+00
7.994019508361816406e+00,6.438721179962158203e+00,-9.443560600280761719e+00
8.195995330810546875e+00,6.519682407379150391e+00,-9.447196960449218750e+00
7.994020462036132812e+00,6.438721656799316406e+00,-9.443561553955078125e+00
8.195994377136230469e+00,6.519681930541992188e+00,-9.447194099426269531e+00
7.994021892547607422e+00,6.438722133636474609e+00,-9.443560600280761719e+00
8.195992469787597656e+00,6.519681453704833984e+00,-9.447199821472167969e+00
7.994023799896240234e+00,6.438722610473632812e+00,-9.443564414978027344e+00
8.195991516113281250e+00,6.519680976867675781e+00,-9.447199821472167969e+00
7.994024753570556641e+00,6.438723087310791016e+00,-9.443565368652343750e+00
8.195990562438964844e+00,6.519680500030517578e+00,-9.447201728820800781e+00
7.994025707244873047e+00,6.438723564147949219e+00,-9.443564414978027344e+00
8.195989608764648438e+00,6.519680023193359375e+00,-9.447203636169433594e+00
7.994027137756347656e+00,6.438724040985107422e+00,-9.443568229675292969e+00
8.195988655090332031e+00,6.519679546356201172e+00,-9.447201728820800781e+00
7.994028091430664062e+00,6.438724517822265625e+00,-9.443569183349609375e+00
8.195987701416015625e+00,6.519679069519042969e+00,-9.447205543518066406e+00
7.994029045104980469e+00,6.438724994659423828e+00,-9.443569183349609375e+00
8.195986747741699219e+00,6.519678592681884766e+00,-9.447205543518066406e+00
7.994029998779296875e+00,6.438725471496582031e+00,-9.443571090698242188e+00
8.195985794067382812e+00,6.519678115844726562e+00,-9.447207450866699219e+00
7.994030952453613281e+00,6.438725948333740234e+00,-9.443571090698242188e+00
8.195984840393066406e+00,6.519677639007568359e+00,-9.447206497192382812e+00
7.994032382965087891e+00,6.438726425170898438e+00,-9.443573951721191406e+00
8.195983886718750000e+00,6.519677162170410156e+00,-9.447208404541015625e+00
7.994033336639404297e+00,6.438726902008056641e+00,-9.443576812744140625e+00
8.195982933044433594e+00,6.519677162170410156e+00,-9.447210311889648438e+00
7.994034290313720703e+00,6.438726902008056641e+00,-9.443576812744140625e+00
8.195981979370117188e+00,6.519677162170410156e+00,-9.447209358215332031e+00
7.994035243988037109e+00,6.438726902008056641e+00,-9.443575859069824219e+00
8.195981025695800781e+00,6.519677162170410156e+00,-9.447213172912597656e+00
7.994036197662353516e+00,6.438726902008056641e+00,-9.443577766418457031e+00
8.195980072021484375e+00,6.519677162170410156e+00,-9.447213172912597656e+00
7.994037628173828125e+00,6.438726902008056641e+00,-9.443580627441406250e+00
8.195979118347167969e+00,6.519677162170410156e+00,-9.447213172912597656e+00
7.994038581848144531e+00,6.438726902008056641e+00,-9.443580627441406250e+00
8.195978164672851562e+00,6.519676685333251953e+00,-9.447216033935546875e+00
7.994039535522460938e+00,6.438727378845214844e+00,-9.443580627441406250e+00
8.195977210998535156e+00,6.519676208496093750e+00,-9.447216033935546875e+00
7.994040489196777344e+00,6.438727855682373047e+00,-9.443580627441406250e+00
8.195976257324218750e+00,6.519675731658935547e+00,-9.447217941284179688e+00
7.792106628417968750e+00,6.357780933380126953e+00,-8.993156433105468750e+00
8.902167320251464844e+00,6.812827587127685547e+00,-5.618279933929443359e+00
5.568885803222656250e+00,5.931916236877441406e+00,-3.015865564346313477e+00
4.440356731414794922e+00,6.653957366943359375e+00,-4.214288711547851562e+00
5.208426952362060547e+00,6.444958209991455078e+00,-4.464179039001464844e+00
4.599341392517089844e+00,6.595621109008789062e+00,-4.497278690338134766e+00
5.131104469299316406e+00,6.484234333038330078e+00,-4.578413009643554688e+00
4.677823066711425781e+00,6.568127632141113281e+00,-4.595059871673583984e+00
5.080782890319824219e+00,6.506299972534179688e+00,-4.632623672485351562e+00
4.728508472442626953e+00,6.550747394561767578e+00,-4.642635822296142578e+00
5.044541358947753906e+00,6.520960807800292969e+00,-4.662402153015136719e+00
4.764487743377685547e+00,6.538507461547851562e+00,-4.668786048889160156e+00
5.017184734344482422e+00,6.531480789184570312e+00,-4.679907798767089844e+00
4.791252613067626953e+00,6.529429435729980469e+00,-4.684062004089355469e+00
4.996013641357421875e+00,6.539332389831542969e+00,-4.690577983856201172e+00
4.811694622039794922e+00,6.522518634796142578e+00,-4.693298816680908203e+00
4.979397296905517578e+00,6.545311927795410156e+00,-4.697224140167236328e+00
4.827556133270263672e+00,6.517191886901855469e+00,-4.699004173278808594e+00
4.966248035430908203e+00,6.549909114837646484e+00,-4.701420783996582031e+00
4.839987754821777344e+00,6.513068675994873047e+00,-4.702581882476806641e+00
4.955790042877197266e+00,6.553452491760253906e+00,-4.704100608825683594e+00
4.849795818328857422e+00,6.509880065917968750e+00,-4.704854488372802734e+00
4.947446346282958984e+00,6.556177139282226562e+00,-4.705830574035644531e+00
4.857569694519042969e+00,6.507426738739013672e+00,-4.706314563751220703e+00
4.940775394439697266e+00,6.558259963989257812e+00,-4.706956863403320312e+00
4.863753318786621094e+00,6.505555629730224609e+00,-4.707265377044677734e+00
4.935431957244873047e+00,6.559835910797119141e+00,-4.707702636718750000e+00
4.868686199188232422e+00,6.504147052764892578e+00,-4.707896232604980469e+00
4.931145191192626953e+00,6.561009883880615234e+00,-4.708208560943603516e+00
4.872631549835205078e+00,6.503106117248535156e+00,-4.708326339721679688e+00
4.927699565887451172e+00,6.561865806579589844e+00,-4.708558559417724609e+00
4.875795364379882812e+00,6.502357959747314453e+00,-4.708625793457031250e+00
4.924925327301025391e+00,6.562469005584716797e+00,-4.708808422088623047e+00
4.878339767456054688e+00,6.501841545104980469e+00,-4.708845138549804688e+00
4.922685623168945312e+00,6.562872409820556641e+00,-4.708996772766113281e+00
4.880392551422119141e+00,6.501509666442871094e+00,-4.709012031555175781e+00
4.920871734619140625e+00,6.563117027282714844e+00,-4.709143161773681641e+00
4.882054805755615234e+00,6.501323223114013672e+00,-4.709146022796630859e+00
4.919398307800292969e+00,6.563237190246582031e+00,-4.709261894226074219e+00
4.883406162261962891e+00,6.501251697540283203e+00,-4.709256649017333984e+00
4.918195724487304688e+00,6.563258647918701172e+00,-4.709364891052246094e+00
4.884510040283203125e+00,6.501270771026611328e+00,-4.709352493286132812e+00
4.917210102081298828e+00,6.563202857971191406e+00,-4.709452152252197266e+00
4.885416984558105469e+00,6.501360893249511719e+00,-4.709438800811767578e+00
4.916396617889404297e+00,6.563086032867431641e+00,-4.709534645080566406e+00
4.886167526245117188e+00,6.501506328582763672e+00,-4.709517955780029297e+00
4.915720939636230469e+00,6.562922477722167969e+00,-4.709608078002929688e+00
4.886792182922363281e+00,6.501695156097412109e+00,-4.709592342376708984e+00
4.915155410766601562e+00,6.562721729278564453e+00,-4.709679126739501953e+00
4.887317657470703125e+00,6.501917362213134766e+00,-4.709663391113281250e+00
4.914677619934082031e+00,6.562492847442626953e+00,-4.709747314453125000e+00
4.887763023376464844e+00,6.502164840698242188e+00,-4.709729671478271484e+00
4.914269924163818359e+00,6.562242507934570312e+00,-4.709810733795166016e+00
4.888144969940185547e+00,6.502431869506835938e+00,-4.709795475006103516e+00
4.913918972015380859e+00,6.561976432800292969e+00,-4.709873199462890625e+00
4.888475418090820312e+00,6.502712726593017578e+00,-4.709857463836669922e+00
4.913612842559814453e+00,6.561698436737060547e+00,-4.709934711456298828e+00
4.888764858245849609e+00,6.503004074096679688e+00,-4.709918975830078125e+00
4.913343429565429688e+00,6.561411380767822266e+00,-4.709991455078125000e+00
4.889021396636962891e+00,6.503303050994873047e+00,-4.709976673126220703e+00
4.913103103637695312e+00,6.561118602752685547e+00,-4.710049629211425781e+00
4.889251232147216797e+00,6.503606796264648438e+00,-4.710033893585205078e+00
4.912886619567871094e+00,6.560822486877441406e+00,-4.710103988647460938e+00
4.889459609985351562e+00,6.503913402557373047e+00,-4.710089206695556641e+00
4.912689208984375000e+00,6.560523509979248047e+00,-4.710157394409179688e+00
4.889650344848632812e+00,6.504221916198730469e+00,-4.710144042968750000e+00
4.912507057189941406e+00,6.560223579406738281e+00,-4.710210323333740234e+00
4.889827251434326172e+00,6.504530429840087891e+00,-4.710197448730468750e+00
4.912337779998779297e+00,6.559924125671386719e+00,-4.710261344909667969e+00
4.889992237091064453e+00,6.504837989807128906e+00,-4.710249423980712891e+00
4.912178993225097656e+00,6.559625625610351562e+00,-4.710311412811279297e+00
4.890147686004638672e+00,6.505144596099853516e+00,-4.710299491882324219e+00
4.912028789520263672e+00,6.559328556060791016e+00,-4.710359573364257812e+00
4.890295505523681641e+00,6.505449295043945312e+00,-4.710348129272460938e+00
4.911885738372802734e+00,6.559033393859863281e+00,-4.710406780242919922e+00
4.890436649322509766e+00,6.505751609802246094e+00,-4.710397720336914062e+00
4.911748409271240234e+00,6.558740615844726562e+00,-4.710452556610107422e+00
4.890572071075439453e+00,6.506051063537597656e+00,-4.710442066192626953e+00
4.911616325378417969e+00,6.558450222015380859e+00,-4.710498809814453125e+00
4.890702724456787109e+00,6.506348133087158203e+00,-4.710489273071289062e+00
4.911488533020019531e+00,6.558162689208984375e+00,-4.710542201995849609e+00
4.890829563140869141e+00,6.506641864776611328e+00,-4.710531711578369141e+00
4.911364555358886719e+00,6.557878494262695312e+00,-4.710585594177246094e+00
4.890952587127685547e+00,6.506932258605957031e+00,-4.710576057434082031e+00
4.911243915557861328e+00,6.557597160339355469e+00,-4.710626602172851562e+00
4.891072750091552734e+00,6.507219314575195312e+00,-4.710618495941162109e+00
4.911126136779785156e+00,6.557319164276123047e+00,-4.710667610168457031e+00
4.891189575195312500e+00,6.507503032684326172e+00,-4.710659027099609375e+00
4.911011219024658203e+00,6.557044029235839844e+00,-4.710706233978271484e+00
4.891304492950439453e+00,6.507783889770507812e+00,-4.710699558258056641e+00
4.910898208618164062e+00,6.556772232055664062e+00,-4.710746288299560547e+00
4.891417026519775391e+00,6.508060932159423828e+00,-4.710739612579345703e+00
4.910787105560302734e+00,6.556503772735595703e+00,-4.710783958435058594e+00
4.891527652740478516e+00,6.508334636688232422e+00,-4.710776805877685547e+00
4.910678386688232422e+00,6.556238174438476562e+00,-4.710820674896240234e+00
4.891636371612548828e+00,6.508605003356933594e+00,-4.710814952850341797e+00
4.910571098327636719e+00,6.555976390838623047e+00,-4.710857391357421875e+00
4.891743183135986328e+00,6.508872032165527344e+00,-4.710850238800048828e+00
4.910465717315673828e+00,6.555717468261718750e+00,-4.710891246795654297e+00
4.891848564147949219e+00,6.509135246276855469e+00,-4.710887908935546875e+00
4.910361766815185547e+00,6.555461883544921875e+00,-4.710926055908203125e+00
4.891952037811279297e+00,6.509395599365234375e+00,-4.710921287536621094e+00
4.910259723663330078e+00,6.555209159851074219e+00,-4.710961341857910156e+00
4.892054080963134766e+00,6.509653091430664062e+00,-4.710956096649169922e+00
4.910159111022949219e+00,6.554959297180175781e+00,-4.710993289947509766e+00
4.892154693603515625e+00,6.509907245635986328e+00,-4.710988044738769531e+00
4.910059452056884766e+00,6.554712772369384766e+00,-4.711024284362792969e+00
4.892254352569580078e+00,6.510158061981201172e+00,-4.711020946502685547e+00
4.909961223602294922e+00,6.554469108581542969e+00,-4.711055755615234375e+00
4.892352581024169922e+00,6.510405540466308594e+00,-4.711051940917968750e+00
4.909863948822021484e+00,6.554228782653808594e+00,-4.711087226867675781e+00
4.892449378967285156e+00,6.510650157928466797e+00,-4.711084365844726562e+00
4.909768581390380859e+00,6.553991317749023438e+00,-4.711116790771484375e+00
4.892544746398925781e+00,6.510891437530517578e+00,-4.711113452911376953e+00
4.909674167633056641e+00,6.553756713867187500e+00,-4.711146831512451172e+00
4.892639160156250000e+00,6.511129856109619141e+00,-4.711143970489501953e+00
4.909580707550048828e+00,6.553524971008300781e+00,-4.711175441741943359e+00
4.892732620239257812e+00,6.511365413665771484e+00,-4.711172103881835938e+00
4.909488677978515625e+00,6.553295612335205078e+00,-4.711202144622802734e+00
4.892824649810791016e+00,6.511598110198974609e+00,-4.711200237274169922e+00
4.909397602081298828e+00,6.553069591522216797e+00,-4.711229324340820312e+00
4.892915725708007812e+00,6.511827468872070312e+00,-4.711226463317871094e+00
4.909307479858398438e+00,6.552846431732177734e+00,-4.711255550384521484e+00
4.893005371093750000e+00,6.512054443359375000e+00,-4.711255550384521484e+00
4.909218788146972656e+00,6.552625656127929688e+00,-4.711281776428222656e+00
4.893094062805175781e+00,6.512278556823730469e+00,-4.711280345916748047e+00
4.909131050109863281e+00,6.552407264709472656e+00,-4.711308002471923828e+00
4.893181800842285156e+00,6.512500286102294922e+00,-4.711306095123291016e+00
4.909044742584228516e+00,6.552191734313964844e+00,-4.711332798004150391e+00
4.893268108367919922e+00,6.512718677520751953e+00,-4.711330413818359375e+00
4.908959388732910156e+00,6.551979064941406250e+00,-4.711358070373535156e+00
4.893353462219238281e+00,6.512934684753417969e+00,-4.711355209350585938e+00
4.908874988555908203e+00,6.551768302917480469e+00,-4.711381435394287109e+00
4.893437385559082031e+00,6.513148307800292969e+00,-4.711378097534179688e+00
4.908791542053222656e+00,6.551560401916503906e+00,-4.711404323577880859e+00
4.893520832061767578e+00,6.513359069824218750e+00,-4.711403369903564453e+00
4.908709049224853516e+00,6.551354885101318359e+00,-4.711425781250000000e+00
4.893603324890136719e+00,6.513567447662353516e+00,-4.711426258087158203e+00
4.908627510070800781e+00,6.551151752471923828e+00,-4.711449146270751953e+00
4.893684864044189453e+00,6.513773441314697266e+00,-4.711446762084960938e+00
4.908546924591064453e+00,6.550951004028320312e+00,-4.711469650268554688e+00
4.893765449523925781e+00,6.513977050781250000e+00,-4.711470127105712891e+00
4.908467292785644531e+00,6.550752639770507812e+00,-4.711491584777832031e+00
4.893844604492187500e+00,6.514177799224853516e+00,-4.711490631103515625e+00
4.908388614654541016e+00,6.550556659698486328e+00,-4.711512565612792969e+00
4.893923282623291016e+00,6.514376163482666016e+00,-4.711511611938476562e+00
4.908310890197753906e+00,6.550363540649414062e+00,-4.711533546447753906e+00
4.894001007080078125e+00,6.514572143554687500e+00,-4.711531162261962891e+00
4.908234119415283203e+00,6.550171852111816406e+00,-4.711551189422607422e+00
4.894077777862548828e+00,6.514766216278076172e+00,-4.711551189422607422e+00
4.908158302307128906e+00,6.549982547760009766e+00,-4.711570739746093750e+00
4.894153594970703125e+00,6.514957904815673828e+00,-4.711571216583251953e+00
4.908082962036132812e+00,6.549795627593994141e+00,-4.711590766906738281e+00
4.894228458404541016e+00,6.515147209167480469e+00,-4.711590290069580078e+00
4.908009052276611328e+00,6.549610614776611328e+00,-4.711608886718750000e+00
4.894302368164062500e+00,6.515334129333496094e+00,-4.711607933044433594e+00
4.907935619354248047e+00,6.549427986145019531e+00,-4.711626529693603516e+00
4.894375801086425781e+00,6.515519142150878906e+00,-4.711627006530761719e+00
4.907863140106201172e+00,6.549247264862060547e+00,-4.711644172668457031e+00
4.894448280334472656e+00,6.515701770782470703e+00,-4.711644649505615234e+00
4.907791614532470703e+00,6.549068927764892578e+00,-4.711662292480468750e+00
4.894519805908203125e+00,6.515882492065429688e+00,-4.711662769317626953e+00
4.907720565795898438e+00,6.548892498016357422e+00,-4.711678981781005859e+00
4.894590377807617188e+00,6.516060829162597656e+00,-4.711678504943847656e+00
4.907650470733642578e+00,6.548717975616455078e+00,-4.711695194244384766e+00
4.894660472869873047e+00,6.516237258911132812e+00,-4.711694717407226562e+00
4.907581329345703125e+00,6.548545837402343750e+00,-4.711709976196289062e+00
4.894729614257812500e+00,6.516411304473876953e+00,-4.711711883544921875e+00
4.907512664794921875e+00,6.548375129699707031e+00,-4.711727619171142578e+00
4.894798278808593750e+00,6.516583919525146484e+00,-4.711728096008300781e+00
4.907444953918457031e+00,6.548206329345703125e+00,-4.711741447448730469e+00
4.894865989685058594e+00,6.516754627227783203e+00,-4.711742401123046875e+00
4.907377719879150391e+00,6.548039436340332031e+00,-4.711756706237792969e+00
4.894932746887207031e+00,6.516923427581787109e+00,-4.711757659912109375e+00
4.907311439514160156e+00,6.547874450683593750e+00,-4.711771965026855469e+00
4.894999027252197266e+00,6.517089843750000000e+00,-4.711773872375488281e+00
4.907246112823486328e+00,6.547711372375488281e+00,-4.711787223815917969e+00
4.895064353942871094e+00,6.517254829406738281e+00,-4.711787700653076172e+00
4.907181262969970703e+00,6.547550201416015625e+00,-4.711800098419189453e+00
4.895128726959228516e+00,6.517417430877685547e+00,-4.711801528930664062e+00
4.907117366790771484e+00,6.547390937805175781e+00,-4.711814403533935547e+00
4.895192623138427734e+00,6.517578125000000000e+00,-4.711815834045410156e+00
4.907054424285888672e+00,6.547233581542968750e+00,-4.711828231811523438e+00
4.895255565643310547e+00,6.517737388610839844e+00,-4.711829185485839844e+00
4.906991958618164062e+00,6.547077655792236328e+00,-4.711842536926269531e+00
4.895318031311035156e+00,6.517894744873046875e+00,-4.711842536926269531e+00
4.906929969787597656e+00,6.546923637390136719e+00,-4.711854457855224609e+00
4.895380020141601562e+00,6.518050193786621094e+00,-4.711854457855224609e+00
4.906868457794189453e+00,6.546771526336669922e+00,-4.711867332458496094e+00
4.895441055297851562e+00,6.518203735351562500e+00,-4.711868762969970703e+00
4.906808376312255859e+00,6.546620845794677734e+00,-4.711879253387451172e+00
4.895501136779785156e+00,6.518355846405029297e+00,-4.711880683898925781e+00
4.906748771667480469e+00,6.546471595764160156e+00,-4.711892127990722656e+00
4.895560741424560547e+00,6.518506526947021484e+00,-4.711893081665039062e+00
4.906689643859863281e+00,6.546324253082275391e+00,-4.711903572082519531e+00
4.895619869232177734e+00,6.518654823303222656e+00,-4.711904048919677734e+00
4.906630992889404297e+00,6.546178817749023438e+00,-4.711916923522949219e+00
4.895678043365478516e+00,6.518801689147949219e+00,-4.711916446685791016e+00
4.906573295593261719e+00,6.546034812927246094e+00,-4.711927890777587891e+00
4.895735740661621094e+00,6.518946647644042969e+00,-4.711927413940429688e+00
4.906516075134277344e+00,6.545892715454101562e+00,-4.711937904357910156e+00
4.895792961120605469e+00,6.519090175628662109e+00,-4.711938381195068359e+00
4.906459331512451172e+00,6.545752048492431641e+00,-4.711947917938232422e+00
4.895849227905273438e+00,6.519232273101806641e+00,-4.711949825286865234e+00
4.906403541564941406e+00,6.545612335205078125e+00,-4.711959838867187500e+00
4.895905017852783203e+00,6.519372940063476562e+00,-4.711960792541503906e+00
4.906348228454589844e+00,6.545474529266357422e+00,-4.711968421936035156e+00
4.895960330963134766e+00,6.519511699676513672e+00,-4.711970806121826172e+00
4.906293392181396484e+00,6.545338630676269531e+00,-4.711979389190673828e+00
4.896015167236328125e+00,6.519648551940917969e+00,-4.711982250213623047e+00
4.906239032745361328e+00,6.545204162597656250e+00,-4.711989879608154297e+00
4.896069049835205078e+00,6.519784450531005859e+00,-4.711991786956787109e+00
4.906185626983642578e+00,6.545070648193359375e+00,-4.712000846862792969e+00
4.896122455596923828e+00,6.519918918609619141e+00,-4.712000370025634766e+00
4.906132698059082031e+00,6.544938564300537109e+00,-4.712010860443115234e+00
4.896175384521484375e+00,6.520051956176757812e+00,-4.712010860443115234e+00
4.906080245971679688e+00,6.544807910919189453e+00,-4.712019443511962891e+00
4.896227836608886719e+00,6.520183563232421875e+00,-4.712019920349121094e+00
4.906028270721435547e+00,6.544678688049316406e+00,-4.712026596069335938e+00
4.896279335021972656e+00,6.520313739776611328e+00,-4.712029933929443359e+00
4.905977249145507812e+00,6.544550895690917969e+00,-4.712036609649658203e+00
4.896330356597900391e+00,6.520442485809326172e+00,-4.712038516998291016e+00
4.905926704406738281e+00,6.544424533843994141e+00,-4.712044715881347656e+00
4.896380901336669922e+00,6.520569801330566406e+00,-4.712048053741455078e+00
4.905876636505126953e+00,6.544299602508544922e+00,-4.712053775787353516e+00
4.896430969238281250e+00,6.520695686340332031e+00,-4.712054729461669922e+00
4.905827045440673828e+00,6.544176101684570312e+00,-4.712061882019042969e+00
4.896480560302734375e+00,6.520819664001464844e+00,-4.712063312530517578e+00
4.905777931213378906e+00,6.544054031372070312e+00,-4.712071418762207031e+00
4.896529197692871094e+00,6.520942687988281250e+00,-4.712072372436523438e+00
4.905729293823242188e+00,6.543933391571044922e+00,-4.712078571319580078e+00
4.896577835083007812e+00,6.521064281463623047e+00,-4.712080478668212891e+00
4.905681133270263672e+00,6.543813705444335938e+00,-4.712087631225585938e+00
4.896625995635986328e+00,6.521184444427490234e+00,-4.712089061737060547e+00
4.905633449554443359e+00,6.543695449829101562e+00,-4.712095260620117188e+00
4.896673202514648438e+00,6.521303653717041016e+00,-4.712095737457275391e+00
4.905586719512939453e+00,6.543578147888183594e+00,-4.712101936340332031e+00
4.896719932556152344e+00,6.521421432495117188e+00,-4.712103366851806641e+00
4.905540466308593750e+00,6.543462753295898438e+00,-4.712110519409179688e+00
4.896766185760498047e+00,6.521537780761718750e+00,-4.712110519409179688e+00
4.905494689941406250e+00,6.543348312377929688e+00,-4.712116241455078125e+00
4.896811962127685547e+00,6.521652698516845703e+00,-4.712118148803710938e+00
4.905448913574218750e+00,6.543235301971435547e+00,-4.712123394012451172e+00
4.896857261657714844e+00,6.521766662597656250e+00,-4.712125301361083984e+00
4.905404090881347656e+00,6.543123245239257812e+00,-4.712130546569824219e+00
4.896902084350585938e+00,6.521879196166992188e+00,-4.712132930755615234e+00
4.905359745025634766e+00,6.543012619018554688e+00,-4.712136745452880859e+00
4.896946430206298828e+00,6.521990299224853516e+00,-4.712140083312988281e+00
4.905315876007080078e+00,6.542902946472167969e+00,-4.712145328521728516e+00
4.896990299224853516e+00,6.522100448608398438e+00,-4.712146759033203125e+00
4.905272483825683594e+00,6.542794704437255859e+00,-4.712151050567626953e+00
4.897033214569091797e+00,6.522209644317626953e+00,-4.712152004241943359e+00
4.905229568481445312e+00,6.542687416076660156e+00,-4.712157249450683594e+00
4.897076129913330078e+00,6.522317409515380859e+00,-4.712158203125000000e+00
4.905187129974365234e+00,6.542581081390380859e+00,-4.712164402008056641e+00
4.897118568420410156e+00,6.522424221038818359e+00,-4.712165832519531250e+00
4.905144691467285156e+00,6.542476177215576172e+00,-4.712169170379638672e+00
4.897161006927490234e+00,6.522529602050781250e+00,-4.712171077728271484e+00
4.905102729797363281e+00,6.542372226715087891e+00,-4.712175846099853516e+00
4.897202491760253906e+00,6.522634029388427734e+00,-4.712175846099853516e+00
4.905061721801757812e+00,6.542269706726074219e+00,-4.712182521820068359e+00
4.897243499755859375e+00,6.522737026214599609e+00,-4.712182998657226562e+00
4.905021190643310547e+00,6.542168140411376953e+00,-4.712186813354492188e+00
4.897284030914306641e+00,6.522839069366455078e+00,-4.712188720703125000e+00
4.904980659484863281e+00,6.542067527770996094e+00,-4.712192058563232422e+00
4.897324562072753906e+00,6.522940158843994141e+00,-4.712193489074707031e+00
4.904940605163574219e+00,6.541968345642089844e+00,-4.712197780609130859e+00
4.897364616394042969e+00,6.523039817810058594e+00,-4.712198257446289062e+00
4.904901027679443359e+00,6.541870117187500000e+00,-4.712203025817871094e+00
4.897403717041015625e+00,6.523138523101806641e+00,-4.712203979492187500e+00
4.904861927032470703e+00,6.541772842407226562e+00,-4.712207794189453125e+00
4.897442817687988281e+00,6.523236274719238281e+00,-4.712210655212402344e+00
4.904823303222656250e+00,6.541676521301269531e+00,-4.712214469909667969e+00
4.897481441497802734e+00,6.523333072662353516e+00,-4.712216854095458984e+00
4.904785156250000000e+00,6.541581153869628906e+00,-4.712218761444091797e+00
4.897519111633300781e+00,6.523428916931152344e+00,-4.712221145629882812e+00
4.904747486114501953e+00,6.541486740112304688e+00,-4.712224006652832031e+00
4.897556781768798828e+00,6.523523330688476562e+00,-4.712226390838623047e+00
4.904710292816162109e+00,6.541393756866455078e+00,-4.712230205535888672e+00
4.897593975067138672e+00,6.523616790771484375e+00,-4.712231636047363281e+00
4.904673099517822266e+00,6.541301727294921875e+00,-4.712233543395996094e+00
4.897631168365478516e+00,6.523709297180175781e+00,-4.712236881256103516e+00
4.904636383056640625e+00,6.541210174560546875e+00,-4.712238311767578125e+00
4.897667884826660156e+00,6.523800849914550781e+00,-4.712239742279052734e+00
4.904599666595458984e+00,6.541120052337646484e+00,-4.712242126464843750e+00
4.897704124450683594e+00,6.523891448974609375e+00,-4.712244510650634766e+00
4.904563903808593750e+00,6.541030883789062500e+00,-4.712246894836425781e+00
4.897739887237548828e+00,6.523981094360351562e+00,-4.712247848510742188e+00
4.904528617858886719e+00,6.540942668914794922e+00,-4.712251663208007812e+00
4.897775173187255859e+00,6.524069786071777344e+00,-4.712253093719482422e+00
4.904493331909179688e+00,6.540854930877685547e+00,-4.712255954742431641e+00
4.897810459136962891e+00,6.524157524108886719e+00,-4.712257385253906250e+00
4.904458522796630859e+00,6.540768623352050781e+00,-4.712260246276855469e+00
4.897844791412353516e+00,6.524244308471679688e+00,-4.712261199951171875e+00
4.904424190521240234e+00,6.540682792663574219e+00,-4.712265491485595703e+00
4.897879123687744141e+00,6.524330139160156250e+00,-4.712265014648437500e+00
4.904390335083007812e+00,6.540598392486572266e+00,-4.712267875671386719e+00
4.897912979125976562e+00,6.524415016174316406e+00,-4.712268352508544922e+00
4.904356479644775391e+00,6.540514469146728516e+00,-4.712271213531494141e+00
4.897946834564208984e+00,6.524499416351318359e+00,-4.712274074554443359e+00
4.904323101043701172e+00,6.540431022644042969e+00,-4.712275028228759766e+00
4.897979736328125000e+00,6.524582862854003906e+00,-4.712276458740234375e+00
4.904290199279785156e+00,6.540349006652832031e+00,-4.712279796600341797e+00
4.898012638092041016e+00,6.524664878845214844e+00,-4.712281227111816406e+00
4.904257774353027344e+00,6.540267944335937500e+00,-4.712284088134765625e+00
4.898045063018798828e+00,6.524746417999267578e+00,-4.712284088134765625e+00
4.904225349426269531e+00,6.540187358856201172e+00,-4.712287902832031250e+00
4.898077487945556641e+00,6.524827480316162109e+00,-4.712287425994873047e+00
4.904193401336669922e+00,6.540107727050781250e+00,-4.712291240692138672e+00
4.898108959197998047e+00,6.524907112121582031e+00,-4.712291240692138672e+00
4.904161930084228516e+00,6.540029048919677734e+00,-4.712293624877929688e+00
4.898140430450439453e+00,6.524985790252685547e+00,-4.712294101715087891e+00
4.904130935668945312e+00,6.539951324462890625e+00,-4.712296962738037109e+00
4.898171424865722656e+00,6.525063991546630859e+00,-4.712298393249511719e+00
4.904099941253662109e+00,6.539874076843261719e+00,-4.712300300598144531e+00
4.898202419281005859e+00,6.525141239166259766e+00,-4.712301254272460938e+00
4.904069423675537109e+00,6.539797782897949219e+00,-4.712302207946777344e+00
4.898232936859130859e+00,6.525218009948730469e+00,-4.712305068969726562e+00
4.904038906097412109e+00,6.539721965789794922e+00,-4.712307453155517578e+00
4.898262977600097656e+00,6.525293827056884766e+00,-4.712307929992675781e+00
4.904008865356445312e+00,6.539647102355957031e+00,-4.712309360504150391e+00
4.898293018341064453e+00,6.525368690490722656e+00,-4.712309837341308594e+00
4.903979301452636719e+00,6.539573192596435547e+00,-4.712314128875732422e+00
4.898322582244873047e+00,6.525442600250244141e+00,-4.712314128875732422e+00
4.903950214385986328e+00,6.539500236511230469e+00,-4.712316036224365234e+00
4.898351669311523438e+00,6.525516033172607422e+00,-4.712317466735839844e+00
4.903921127319335938e+00,6.539427757263183594e+00,-4.712318897247314453e+00
4.898380756378173828e+00,6.525588512420654297e+00,-4.712320327758789062e+00
4.903892040252685547e+00,6.539356231689453125e+00,-4.712322235107421875e+00
4.898409366607666016e+00,6.525660037994384766e+00,-4.712321758270263672e+00
4.903863906860351562e+00,6.539285659790039062e+00,-4.712325096130371094e+00
4.898437500000000000e+00,6.525731086730957031e+00,-4.712325572967529297e+00
4.903835773468017578e+00,6.539215564727783203e+00,-4.712327480316162109e+00
4.895780563354492188e+00,6.519093990325927734e+00,-4.711939334869384766e+00
4.911815166473388672e+00,6.559075832366943359e+00,-4.710405349731445312e+00
4.879841804504394531e+00,6.479028701782226562e+00,-4.704268455505371094e+00
4.943254470825195312e+00,6.636735439300537109e+00,-4.680485248565673828e+00
4.817117214202880859e+00,6.317215919494628906e+00,-4.584470272064208984e+00
5.058897018432617188e+00,6.919815063476562500e+00,-4.259690761566162109e+00
4.616186141967773438e+00,5.687005043029785156e+00,-3.119043350219726562e+00
5.172199249267578125e+00,7.419354915618896484e+00,-2.470103740692138672e+00
4.708049297332763672e+00,4.613856315612792969e+00,-2.950170636177062988e-01
4.749059200286865234e+00,2.862648010253906250e+00,-2.064674139022827148e+00
5.041326045989990234e+00,3.421024799346923828e+00,-2.327125310897827148e+00
4.932490825653076172e+00,3.269942760467529297e+00,-2.342123508453369141e+00
4.990920543670654297e+00,3.335740327835083008e+00,-2.345638513565063477e+00
4.960911750793457031e+00,3.307948112487792969e+00,-2.346355438232421875e+00
4.976488113403320312e+00,3.320173978805541992e+00,-2.346524953842163086e+00
4.968564987182617188e+00,3.314760446548461914e+00,-2.346563816070556641e+00
4.972591876983642578e+00,3.317202806472778320e+00,-2.346572875976562500e+00
4.970561981201171875e+00,3.316087245941162109e+00,-2.346575260162353516e+00
4.971582889556884766e+00,3.316603660583496094e+00,-2.346575975418090820e+00
4.971071720123291016e+00,3.316361904144287109e+00,-2.346575975418090820e+00
4.971327304840087891e+00,3.316476345062255859e+00,-2.346575975418090820e+00
4.971199512481689453e+00,3.316421508789062500e+00,-2.346575975418090820e+00
4.971263408660888672e+00,3.316447973251342773e+00,-2.346576213836669922e+00
4.971231460571289062e+00,3.316435098648071289e+00,-2.346576213836669922e+00
4.971247196197509766e+00,3.316441535949707031e+00,-2.346576452255249023e+00
4.971239566802978516e+00,3.316438198089599609e+00,-2.346576213836669922e+00
4.971243381500244141e+00,3.316439867019653320e+00,-2.346575975418090820e+00
4.971241474151611328e+00,3.316439151763916016e+00,-2.346576213836669922e+00
4.971242427825927734e+00,3.316439628601074219e+00,-2.346576213836669922e+00
4.971241950988769531e+00,3.316439151763916016e+00,-2.346575975418090820e+00
4.971241950988769531e+00,3.316439390182495117e+00,-2.346575975418090820e+00
4.971241950988769531e+00,3.316439390182495117e+00,-2.346575975418090820e+00
4.971241950988769531e+00,3.316439390182495117e+00,-2.346575975418090820e+00
4.971241950988769531e+00,3.316439390182495117e+00,-2.346575975418090820e+00
4.971241950988769531e+00,3.316439390182495117e+00,-2.346575975418090820e+00
4.971241950988769531e+00,3.316439390182495117e+00,-2.346575975418090820e+00
4.971241950988769531e+00,3.316439390182495117e+00,-2.346575975418090820e+00
4.971241950988769531e+00,3.316439390182495117e+00,-2.346575975418090820e+00
4.971241950988769531e+00,3.316439390182495117e+00,-2.346575975418090820e+00
4.971241950988769531e+00,3.316439390182495117e+00,-2.346575975418090820e+00
4.971241950988769531e+00,3.316439390182495117e+00,-2.346575975418090820e+00
4.971241950988769531e+00,3.316439390182495117e+00,-2.346575975418090820e+00
4.971241950988769531e+00,3.316439390182495117e+00,-2.346575975418090820e+00
4.971241950988769531e+00,3.316439390182495117e+00,-2.346575975418090820e+00
4.971241950988769531e+00,3.316439390182495117e+00,-2.346575975418090820e+00
4.971241950988769531e+00,3.316439390182495117e+00,-2.346575975418090820e+00
4.971241950988769531e+00,3.316439390182495117e+00,-2.346575975418090820e+00
4.971241950988769531e+00,3.316439390182495117e+00,-2.346575975418090820e+00
4.971241950988769531e+00,3.316439390182495117e+00,-2.346575975418090820e+00
4.971241950988769531e+00,3.316439390182495117e+00,-2.346575975418090820e+00
4.971241950988769531e+00,3.316439390182495117e+00,-2.346575975418090820e+00
4.971241950988769531e+00,3.316439390182495117e+00,-2.346575975418090820e+00
4.971241950988769531e+00,3.316439390182495117e+00,-2.346575975418090820e+00
4.971241950988769531e+00,3.316439390182495117e+00,-2.346575975418090820e+00
4.971241950988769531e+00,3.316439390182495117e+00,-2.346575975418090820e+00
4.971241950988769531e+00,3.316439390182495117e+00,-2.346575975418090820e+00
4.971241950988769531e+00,3.316439390182495117e+00,-2.346575975418090820e+00
4.971241950988769531e+00,3.316439390182495117e+00,-2.346575975418090820e+00
4.971241950988769531e+00,3.316439390182495117e+00,-2.346575975418090820e+00
4.971241950988769531e+00,3.316439390182495117e+00,-2.346575975418090820e+00
4.971241950988769531e+00,3.316439390182495117e+00,-2.346575975418090820e+00
4.971241950988769531e+00,3.316439390182495117e+00,-2.346575975418090820e+00
4.971241950988769531e+00,3.316439390182495117e+00,-2.346575975418090820e+00
4.971241950988769531e+00,3.316439390182495117e+00,-2.346575975418090820e+00
4.971241950988769531e+00,3.316439390182495117e+00,-2.346575975418090820e+00
4.971241950988769531e+00,3.316439390182495117e+00,-2.346575975418090820e+00
4.971241950988769531e+00,3.316439390182495117e+00,-2.346575975418090820e+00
4.971241950988769531e+00,3.316439390182495117e+00,-2.346575975418090820e+00
4.971241950988769531e+00,3.316439390182495117e+00,-2.346575975418090820e+00
4.971241950988769531e+00,3.316439390182495117e+00,-2.346575975418090820e+00
4.971241950988769531e+00,3.316439390182495117e+00,-2.346575975418090820e+00
4.971241950988769531e+00,3.316439390182495117e+00,-2.346575975418090820e+00
4.971241950988769531e+00,3.316439390182495117e+00,-2.346575975418090820e+00
4.971241950988769531e+00,3.316439390182495117e+00,-2.346575975418090820e+00
4.971241950988769531e+00,3.316439390182495117e+00,-2.346575975418090820e+00
4.971241950988769531e+00,3.316439390182495117e+00,-2.346575975418090820e+00
4.971241950988769531e+00,3.316439390182495117e+00,-2.346575975418090820e+00
4.971241950988769531e+00,3.316439390182495117e+00,-2.346575975418090820e+00
4.971241950988769531e+00,3.316439390182495117e+00,-2.346575975418090820e+00
4.971241950988769531e+00,3.316439390182495117e+00,-2.346575975418090820e+00
4.971241950988769531e+00,3.316439390182495117e+00,-2.346575975418090820e+00
4.971241950988769531e+00,3.316439390182495117e+00,-2.346575975418090820e+00
4.971241950988769531e+00,3.316439390182495117e+00,-2.346575975418090820e+00
4.971241950988769531e+00,3.316439390182495117e+00,-2.346575975418090820e+00
4.971241950988769531e+00,3.316439390182495117e+00,-2.346575975418090820e+00
4.971241950988769531e+00,3.316439390182495117e+00,-2.346575975418090820e+00
4.971241950988769531e+00,3.316439390182495117e+00,-2.346575975418090820e+00
4.971241950988769531e+00,3.316439390182495117e+00,-2.346575975418090820e+00
4.971241950988769531e+00,3.316439390182495117e+00,-2.346575975418090820e+00
4.971241950988769531e+00,3.316439390182495117e+00,-2.346575975418090820e+00
4.971241950988769531e+00,3.316439390182495117e+00,-2.346575975418090820e+00
4.971241950988769531e+00,3.316439390182495117e+00,-2.346575975418090820e+00
4.971241950988769531e+00,3.316439390182495117e+00,-2.346575975418090820e+00
4.971241950988769531e+00,3.316439390182495117e+00,-2.346575975418090820e+00
4.971241950988769531e+00,3.316439390182495117e+00,-2.346575975418090820e+00
4.971241950988769531e+00,3.316439390182495117e+00,-2.346575975418090820e+00
4.971241950988769531e+00,3.316439390182495117e+00,-2.346575975418090820e+00
4.971241950988769531e+00,3.316439390182495117e+00,-2.346575975418090820e+00
4.971241950988769531e+00,3.316439390182495117e+00,-2.346575975418090820e+00
4.971241950988769531e+00,3.316439390182495117e+00,-2.346575975418090820e+00
4.971241950988769531e+00,3.316439390182495117e+00,-2.346575975418090820e+00
4.971241950988769531e+00,3.316439390182495117e+00,-2.346575975418090820e+00
4.971241950988769531e+00,3.316439390182495117e+00,-2.346575975418090820e+00
4.971241950988769531e+00,3.316439390182495117e+00,-2.346575975418090820e+00
4.971241950988769531e+00,3.316439390182495117e+00,-2.346575975418090820e+00
4.971241950988769531e+00,3.316439390182495117e+00,-2.346575975418090820e+00
4.971241950988769531e+00,3.316439390182495117e+00,-2.346575975418090820e+00
4.971241950988769531e+00,3.316439390182495117e+00,-2.346575975418090820e+00
4.971241950988769531e+00,3.316439390182495117e+00,-2.346575975418090820e+00
4.971241950988769531e+00,3.316439390182495117e+00,-2.346575975418090820e+00
4.971241950988769531e+00,3.316439390182495117e+00,-2.346575975418090820e+00
4.971241950988769531e+00,3.316439390182495117e+00,-2.346575975418090820e+00
4.971241950988769531e+00,3.316439390182495117e+00,-2.346575975418090820e+00
4.971241950988769531e+00,3.316439390182495117e+00,-2.346575975418090820e+00
4.971241950988769531e+00,3.316439390182495117e+00,-2.346575975418090820e+00
4.971241950988769531e+00,3.316439390182495117e+00,-2.346575975418090820e+00
4.971241950988769531e+00,3.316439390182495117e+00,-2.346575975418090820e+00
4.971241950988769531e+00,3.316439390182495117e+00,-2.346575975418090820e+00
4.971241950988769531e+00,3.316439390182495117e+00,-2.346575975418090820e+00
4.971241950988769531e+00,3.316439390182495117e+00,-2.346575975418090820e+00
4.971241950988769531e+00,3.316439390182495117e+00,-2.346575975418090820e+00
4.971241950988769531e+00,3.316439390182495117e+00,-2.346575975418090820e+00
4.971241950988769531e+00,3.316439390182495117e+00,-2.346575975418090820e+00
4.971241950988769531e+00,3.316439390182495117e+00,-2.346575975418090820e+00
4.971241950988769531e+00,3.316439390182495117e+00,-2.346575975418090820e+00
4.971241950988769531e+00,3.316439390182495117e+00,-2.346575975418090820e+00
4.971241950988769531e+00,3.316439390182495117e+00,-2.346575975418090820e+00
4.971241950988769531e+00,3.316439390182495117e+00,-2.346575975418090820e+00
4.971241950988769531e+00,3.316439390182495117e+00,-2.346575975418090820e+00
4.971241950988769531e+00,3.316439390182495117e+00,-2.346575975418090820e+00
4.971241950988769531e+00,3.316439390182495117e+00,-2.346575975418090820e+00
4.971241950988769531e+00,3.316439390182495117e+00,-2.346575975418090820e+00
4.971241950988769531e+00,3.316439390182495117e+00,-2.346575975418090820e+00
4.971241950988769531e+00,3.316439390182495117e+00,-2.346575975418090820e+00
4.971241950988769531e+00,3.316439390182495117e+00,-2.346575975418090820e+00
4.971241950988769531e+00,3.316439390182495117e+00,-2.346575975418090820e+00
4.971241950988769531e+00,3.316439390182495117e+00,-2.346575975418090820e+00
4.971241950988769531e+00,3.316439390182495117e+00,-2.346575975418090820e+00
4.971241950988769531e+00,3.316439390182495117e+00,-2.346575975418090820e+00
4.971241950988769531e+00,3.316439390182495117e+00,-2.346575975418090820e+00
4.971241950988769531e+00,3.316439390182495117e+00,-2.346575975418090820e+00
4.971241950988769531e+00,3.316439390182495117e+00,-2.346575975418090820e+00
4.971241950988769531e+00,3.316439390182495117e+00,-2.346575975418090820e+00
4.971241950988769531e+00,3.316439390182495117e+00,-2.346575975418090820e+00
4.971241950988769531e+00,3.316439390182495117e+00,-2.346575975418090820e+00
4.971241950988769531e+00,3.316439390182495117e+00,-2.346575975418090820e+00
4.971241950988769531e+00,3.316439390182495117e+00,-2.346575975418090820e+00
4.971241950988769531e+00,3.316439390182495117e+00,-2.346575975418090820e+00
4.971241950988769531e+00,3.316439390182495117e+00,-2.346575975418090820e+00
4.971241950988769531e+00,3.316439390182495117e+00,-2.346575975418090820e+00
4.971241950988769531e+00,3.316439390182495117e+00,-2.346575975418090820e+00
4.971241950988769531e+00,3.316439390182495117e+00,-2.346575975418090820e+00
4.971241950988769531e+00,3.316439390182495117e+00,-2.346575975418090820e+00
4.971241950988769531e+00,3.316439390182495117e+00,-2.346575975418090820e+00
4.971241950988769531e+00,3.316439390182495117e+00,-2.346575975418090820e+00
4.971241950988769531e+00,3.316439390182495117e+00,-2.346575975418090820e+00
4.971241950988769531e+00,3.316439390182495117e+00,-2.346575975418090820e+00
4.971241950988769531e+00,3.316439390182495117e+00,-2.346575975418090820e+00
4.971241950988769531e+00,3.316439390182495117e+00,-2.346575975418090820e+00
4.971241950988769531e+00,3.316439390182495117e+00,-2.346575975418090820e+00
4.971241950988769531e+00,3.316439390182495117e+00,-2.346575975418090820e+00
4.971241950988769531e+00,3.316439390182495117e+00,-2.346575975418090820e+00
4.971241950988769531e+00,3.316439390182495117e+00,-2.346575975418090820e+00
4.971241950988769531e+00,3.316439390182495117e+00,-2.346575975418090820e+00
4.971241950988769531e+00,3.316439390182495117e+00,-2.346575975418090820e+00
4.971241950988769531e+00,3.316439390182495117e+00,-2.346575975418090820e+00
4.971241950988769531e+00,3.316439390182495117e+00,-2.346575975418090820e+00
4.971241950988769531e+00,3.316439390182495117e+00,-2.346575975418090820e+00
4.971241950988769531e+00,3.316439390182495117e+00,-2.346575975418090820e+00
4.971241950988769531e+00,3.316439390182495117e+00,-2.346575975418090820e+00
4.971241950988769531e+00,3.316439390182495117e+00,-2.346575975418090820e+00
4.971241950988769531e+00,3.316439390182495117e+00,-2.346575975418090820e+00
4.971241950988769531e+00,3.316439390182495117e+00,-2.346575975418090820e+00
4.971241950988769531e+00,3.316439390182495117e+00,-2.346575975418090820e+00
4.971241950988769531e+00,3.316439390182495117e+00,-2.346575975418090820e+00
4.971241950988769531e+00,3.316439390182495117e+00,-2.346575975418090820e+00
4.971241950988769531e+00,3.316439390182495117e+00,-2.346575975418090820e+00
4.971241950988769531e+00,3.316439390182495117e+00,-2.346575975418090820e+00
4.971241950988769531e+00,3.316439390182495117e+00,-2.346575975418090820e+00
4.971241950988769531e+00,3.316439390182495117e+00,-2.346575975418090820e+00
4.971241950988769531e+00,3.316439390182495117e+00,-2.346575975418090820e+00
4.971241950988769531e+00,3.316439390182495117e+00,-2.346575975418090820e+00
4.971241950988769531e+00,3.316439390182495117e+00,-2.346575975418090820e+00
4.971241950988769531e+00,3.316439390182495117e+00,-2.346575975418090820e+00
4.971241950988769531e+00,3.316439390182495117e+00,-2.346575975418090820e+00
4.971241950988769531e+00,3.316439390182495117e+00,-2.346575975418090820e+00
4.971241950988769531e+00,3.316439390182495117e+00,-2.346575975418090820e+00
4.971241950988769531e+00,3.316439390182495117e+00,-2.346575975418090820e+00
4.971241950988769531e+00,3.316439390182495117e+00,-2.346575975418090820e+00
4.971241950988769531e+00,3.316439390182495117e+00,-2.346575975418090820e+00
4.971241950988769531e+00,3.316439390182495117e+00,-2.346575975418090820e+00
4.971241950988769531e+00,3.316439390182495117e+00,-2.346575975418090820e+00
4.971241950988769531e+00,3.316439390182495117e+00,-2.346575975418090820e+00
4.971241950988769531e+00,3.316439390182495117e+00,-2.346575975418090820e+00
4.971241950988769531e+00,3.316439390182495117e+00,-2.346575975418090820e+00
4.971241950988769531e+00,3.316439390182495117e+00,-2.346575975418090820e+00
4.971241950988769531e+00,3.316439390182495117e+00,-2.346575975418090820e+00
4.971241950988769531e+00,3.316439390182495117e+00,-2.346575975418090820e+00
4.971241950988769531e+00,3.316439390182495117e+00,-2.346575975418090820e+00
4.971241950988769531e+00,3.316439390182495117e+00,-2.346575975418090820e+00
4.971241950988769531e+00,3.316439390182495117e+00,-2.346575975418090820e+00
4.971241950988769531e+00,3.316439390182495117e+00,-2.346575975418090820e+00
4.971241950988769531e+00,3.316439390182495117e+00,-2.346575975418090820e+00
4.971241950988769531e+00,3.316439390182495117e+00,-2.346575975418090820e+00
4.971241950988769531e+00,3.316439390182495117e+00,-2.346575975418090820e+00
4.971241950988769531e+00,3.316439390182495117e+00,-2.346575975418090820e+00
4.971241950988769531e+00,3.316439390182495117e+00,-2.346575975418090820e+00
4.971241950988769531e+00,3.316439390182495117e+00,-2.346575975418090820e+00
4.971241950988769531e+00,3.316439390182495117e+00,-2.346575975418090820e+00
4.971241950988769531e+00,3.316439390182495117e+00,-2.346575975418090820e+00
4.971241950988769531e+00,3.316439390182495117e+00,-2.346575975418090820e+00
4.971241950988769531e+00,3.316439390182495117e+00,-2.346575975418090820e+00
4.971241950988769531e+00,3.316439390182495117e+00,-2.346575975418090820e+00
4.971241950988769531e+00,3.316439390182495117e+00,-2.346575975418090820e+00
4.971241950988769531e+00,3.316439390182495117e+00,-2.346575975418090820e+00
4.971241950988769531e+00,3.316439390182495117e+00,-2.346575975418090820e+00
4.971241950988769531e+00,3.316439390182495117e+00,-2.346575975418090820e+00
4.971241950988769531e+00,3.316439390182495117e+00,-2.346575975418090820e+00
4.971241950988769531e+00,3.316439390182495117e+00,-2.346575975418090820e+00
4.971241950988769531e+00,3.316439390182495117e+00,-2.346575975418090820e+00
4.971241950988769531e+00,3.316439390182495117e+00,-2.346575975418090820e+00
4.971241950988769531e+00,3.316439390182495117e+00,-2.346575975418090820e+00
4.971241950988769531e+00,3.316439390182495117e+00,-2.346575975418090820e+00
4.971241950988769531e+00,3.316439390182495117e+00,-2.346575975418090820e+00
4.971241950988769531e+00,3.316439390182495117e+00,-2.346575975418090820e+00
4.971241950988769531e+00,3.316439390182495117e+00,-2.346575975418090820e+00
4.971241950988769531e+00,3.316439390182495117e+00,-2.346575975418090820e+00
4.971241950988769531e+00,3.316439390182495117e+00,-2.346575975418090820e+00
4.971241950988769531e+00,3.316439390182495117e+00,-2.346575975418090820e+00
4.971241950988769531e+00,3.316439390182495117e+00,-2.346575975418090820e+00
4.971241950988769531e+00,3.316439390182495117e+00,-2.346575975418090820e+00
4.971241950988769531e+00,3.316439390182495117e+00,-2.346575975418090820e+00
4.971241950988769531e+00,3.316439390182495117e+00,-2.346575975418090820e+00
4.971241950988769531e+00,3.316439390182495117e+00,-2.346575975418090820e+00
4.971241950988769531e+00,3.316439390182495117e+00,-2.346575975418090820e+00
4.971241950988769531e+00,3.316439390182495117e+00,-2.346575975418090820e+00
4.971241950988769531e+00,3.316439390182495117e+00,-2.346575975418090820e+00
4.971241950988769531e+00,3.316439390182495117e+00,-2.346575975418090820e+00
4.971241950988769531e+00,3.316439390182495117e+00,-2.346575975418090820e+00
4.971241950988769531e+00,3.316439390182495117e+00,-2.346575975418090820e+00
4.971241950988769531e+00,3.316439390182495117e+00,-2.346575975418090820e+00
4.971241950988769531e+00,3.316439390182495117e+00,-2.346575975418090820e+00
4.971241950988769531e+00,3.316439390182495117e+00,-2.346575975418090820e+00
4.971241950988769531e+00,3.316439390182495117e+00,-2.346575975418090820e+00
4.971241950988769531e+00,3.316439390182495117e+00,-2.346575975418090820e+00
4.971241950988769531e+00,3.316439390182495117e+00,-2.346575975418090820e+00
4.971241950988769531e+00,3.316439390182495117e+00,-2.346575975418090820e+00
4.971241950988769531e+00,3.316439390182495117e+00,-2.346575975418090820e+00
4.971241950988769531e+00,3.316439390182495117e+00,-2.346575975418090820e+00
4.971241950988769531e+00,3.316439390182495117e+00,-2.346575975418090820e+00
4.971241950988769531e+00,3.316439390182495117e+00,-2.346575975418090820e+00
4.971241950988769531e+00,3.316439390182495117e+00,-2.346575975418090820e+00
4.971241950988769531e+00,3.316439390182495117e+00,-2.346575975418090820e+00
4.971241950988769531e+00,3.316439390182495117e+00,-2.346575975418090820e+00
4.971241950988769531e+00,3.316439390182495117e+00,-2.346575975418090820e+00
4.971241950988769531e+00,3.316439390182495117e+00,-2.346575975418090820e+00
4.971241950988769531e+00,3.316439390182495117e+00,-2.346575975418090820e+00
4.971241950988769531e+00,3.316439390182495117e+00,-2.346575975418090820e+00
4.971241950988769531e+00,3.316439390182495117e+00,-2.346575975418090820e+00
4.971241950988769531e+00,3.316439390182495117e+00,-2.346575975418090820e+00
4.971241950988769531e+00,3.316439390182495117e+00,-2.346575975418090820e+00
4.971241950988769531e+00,3.316439390182495117e+00,-2.346575975418090820e+00
4.971241950988769531e+00,3.316439390182495117e+00,-2.346575975418090820e+00
4.971241950988769531e+00,3.316439390182495117e+00,-2.346575975418090820e+00
4.971241950988769531e+00,3.316439390182495117e+00,-2.346575975418090820e+00
4.971241950988769531e+00,3.316439390182495117e+00,-2.346575975418090820e+00
4.971241950988769531e+00,3.316439390182495117e+00,-2.346575975418090820e+00
4.971241950988769531e+00,3.316439390182495117e+00,-2.346575975418090820e+00
4.971241950988769531e+00,3.316439390182495117e+00,-2.346575975418090820e+00
4.971241950988769531e+00,3.316439390182495117e+00,-2.346575975418090820e+00
4.971241950988769531e+00,3.316439390182495117e+00,-2.346575975418090820e+00
4.971241950988769531e+00,3.316439390182495117e+00,-2.346575975418090820e+00
4.971241950988769531e+00,3.316439390182495117e+00,-2.346575975418090820e+00
4.971241950988769531e+00,3.316439390182495117e+00,-2.346575975418090820e+00
4.971241950988769531e+00,3.316439390182495117e+00,-2.346575975418090820e+00
4.971241950988769531e+00,3.316439390182495117e+00,-2.346575975418090820e+00
4.971241950988769531e+00,3.316439390182495117e+00,-2.346575975418090820e+00
4.971241950988769531e+00,3.316439390182495117e+00,-2.346575975418090820e+00
4.971241950988769531e+00,3.316439390182495117e+00,-2.346575975418090820e+00
4.971241950988769531e+00,3.316439390182495117e+00,-2.346575975418090820e+00
4.971241950988769531e+00,3.316439390182495117e+00,-2.346575975418090820e+00
4.971241950988769531e+00,3.316439390182495117e+00,-2.346575975418090820e+00
4.971241950988769531e+00,3.316439390182495117e+00,-2.346575975418090820e+00
4.971241950988769531e+00,3.316439390182495117e+00,-2.346575975418090820e+00
4.971241950988769531e+00,3.316439390182495117e+00,-2.346575975418090820e+00
4.971241950988769531e+00,3.316439390182495117e+00,-2.346575975418090820e+00
4.971241950988769531e+00,3.316439390182495117e+00,-2.346575975418090820e+00
4.971241950988769531e+00,3.316439390182495117e+00,-2.346575975418090820e+00
4.971241950988769531e+00,3.316439390182495117e+00,-2.346575975418090820e+00
4.971241950988769531e+00,3.316439390182495117e+00,-2.346575975418090820e+00
4.971241950988769531e+00,3.316439390182495117e+00,-2.346575975418090820e+00
4.971241950988769531e+00,3.316439390182495117e+00,-2.346575975418090820e+00
4.971241950988769531e+00,3.316439390182495117e+00,-2.346575975418090820e+00
4.971241950988769531e+00,3.316439390182495117e+00,-2.346575975418090820e+00
4.971241950988769531e+00,3.316439390182495117e+00,-2.346575975418090820e+00
4.971241950988769531e+00,3.316439390182495117e+00,-2.346575975418090820e+00
4.971241950988769531e+00,3.316439390182495117e+00,-2.346575975418090820e+00
4.971241950988769531e+00,3.316439390182495117e+00,-2.346575975418090820e+00
4.971241950988769531e+00,3.316439390182495117e+00,-2.346575975418090820e+00
4.971241950988769531e+00,3.316439390182495117e+00,-2.346575975418090820e+00
4.971241950988769531e+00,3.316439390182495117e+00,-2.346575975418090820e+00
4.971241950988769531e+00,3.316439390182495117e+00,-2.346575975418090820e+00
4.971241950988769531e+00,3.316439390182495117e+00,-2.346575975418090820e+00
4.971241950988769531e+00,3.316439390182495117e+00,-2.346575975418090820e+00
4.971241950988769531e+00,3.316439390182495117e+00,-2.346575975418090820e+00
4.971241950988769531e+00,3.316439390182495117e+00,-2.346575975418090820e+00
4.971241950988769531e+00,3.316439390182495117e+00,-2.346575975418090820e+00
4.971241950988769531e+00,3.316439390182495117e+00,-2.346575975418090820e+00
4.971241950988769531e+00,3.316439390182495117e+00,-2.346575975418090820e+00
4.971241950988769531e+00,3.316439390182495117e+00,-2.346575975418090820e+00
4.971241950988769531e+00,3.316439390182495117e+00,-2.346575975418090820e+00
4.971241950988769531e+00,3.316439390182495117e+00,-2.346575975418090820e+00
4.971241950988769531e+00,3.316439390182495117e+00,-2.346575975418090820e+00
4.971241950988769531e+00,3.316439390182495117e+00,-2.346575975418090820e+00
4.971241950988769531e+00,3.316439390182495117e+00,-2.346575975418090820e+00
4.971241950988769531e+00,3.316439390182495117e+00,-2.346575975418090820e+00
4.971241950988769531e+00,3.316439390182495117e+00,-2.346575975418090820e+00
4.971241950988769531e+00,3.316439390182495117e+00,-2.346575975418090820e+00
4.971241950988769531e+00,3.316439390182495117e+00,-2.346575975418090820e+00
4.971241950988769531e+00,3.316439390182495117e+00,-2.346575975418090820e+00
4.971241950988769531e+00,3.316439390182495117e+00,-2.346575975418090820e+00
4.971241950988769531e+00,3.316439390182495117e+00,-2.346575975418090820e+00
4.971241950988769531e+00,3.316439390182495117e+00,-2.346575975418090820e+00
4.971241950988769531e+00,3.316439390182495117e+00,-2.346575975418090820e+00
4.971241950988769531e+00,3.316439390182495117e+00,-2.346575975418090820e+00
4.971241950988769531e+00,3.316439390182495117e+00,-2.346575975418090820e+00
4.971241950988769531e+00,3.316439390182495117e+00,-2.346575975418090820e+00
4.971241950988769531e+00,3.316439390182495117e+00,-2.346575975418090820e+00
4.971241950988769531e+00,3.316439390182495117e+00,-2.346575975418090820e+00
4.971241950988769531e+00,3.316439390182495117e+00,-2.346575975418090820e+00
4.971241950988769531e+00,3.316439390182495117e+00,-2.346575975418090820e+00
4.971241950988769531e+00,3.316439390182495117e+00,-2.346575975418090820e+00
4.971241950988769531e+00,3.316439390182495117e+00,-2.346575975418090820e+00
4.971241950988769531e+00,3.316439390182495117e+00,-2.346575975418090820e+00
